domain,category,source_query,first_impression
veldhuisadvies.nl,C4,vitaliteit werkgever blog,Adviesblog met focus op vitaliteit en duurzame inzetbaarheid voor werkgevers.
move4vitality.nl,C4,vitaliteit werkgever blog,Vitaliteitsbureau dat verzuim-naar-vitaliteit thema bespreekt voor werkgevers.
blog.vebego.nl,C4,vitaliteit werkgever blog,Corporate blog van facilitair bedrijf met vitaliteitstips voor medewerkers.
prikvandezaak.nl,C4,vitaliteit werkgever blog,Werkgeversblog met content over fysieke en mentale gezondheid op werkvloer.
stigas.nl,C4,vitaliteit werkgever blog,Arbo-organisatie voor groene sector met vitaliteitscontent voor werkgevers.
defittemedewerker.nl,C4,vitaliteit werkgever blog,Blog van vitaliteitsdienstverlener gericht op werkgevers en wellness programma's.
oprijk.nl,C4,vitaliteit werkgever blog,Bedrijfszorg-platform met content over vitaliteit en mentale gezondheid.
sociaalwerk-werkt.nl,C4,vitaliteit werkgever blog,Branche-platform sociaal werk met werkgeverstips rond vitaliteit.
sazas.nl,C4,vitaliteit werkgever blog,Verzuimverzekeraar met uitgebreide kennisbank over vitaliteit en preventie.
bedrijfsfitnessnederland.nl,C4,preventie werknemer blog,Kennisbank over employee benefits met focus op burn-outpreventie.
rivm.nl,C4,preventie werknemer blog,Overheidskennisinstituut met dossier preventie op werk.
arboconcern.nl,C16,burn-out herstel blog werkgever,Arbo-blog met diepgaande artikelen over burn-out preventie en re-integratie.
verzuimdynamiek.nl,C4,preventie werknemer blog,Verzuimspecialist met blog over preventie en time-out programma's.
sterkdoorwerk.nl,C4,preventie werknemer blog,Platform gericht op preventie en arbeidsongeschiktheid bij werkenden.
performa-hr.nl,C14,OpenUp werkgever blog,HR-platform dat interviews en gastbijdragen publiceert van mentale-welzijnpartijen.
openup.com,C14,OpenUp werkgever blog,Internationaal mentaal welzijn platform met grote NL blog voor werkgevers.
code24.nl,C14,OpenUp blog,Tech-bureau dat case-stories deelt over mentale veerkracht met OpenUp.
nicedaynederland.nl,C14,Niceday Nederland blog,Online behandelplatform voor burn-out en stress met content voor werkenden.
niceday.app,C14,Niceday burn-out blog,Coaching/therapie app met kennisbank over burn-out en re-integratie.
goingconcern.nl,C16,burn-out re-integratie blog,Re-integratiebureau met blog gericht op werkgevers en burn-outtrajecten.
priorities.nl,C16,burnout werkgever blog,Coach/adviespraktijk met blogs over Arbeidsinspectie en burn-out preventie.
awvn.nl,C4,duurzame inzetbaarheid vakblad,Werkgeversvereniging met thematische publicaties over inzetbaarheid en welzijn.
ey.com,C4,mentaal welzijn werkgever,Adviesplatform met NL ondernemerscontent over mentaal welzijn (lage prioriteit).
niped.nl,C4,mentaal welzijn werkgever,Preventief gezondheidsplatform met kennisbank over mentale klachten.
trimbos.nl,C4,Trimbos mentaal werkplek,Kennisinstituut mentale gezondheid met sterke blogsectie over werk en welzijn.
youngworks.nl,C4,mentaal welzijn blog,Onderzoeksbureau over jongeren met blog over mentale gezondheid op werk.
evr.nl,C4,mentaal welzijn werkvloer,Adviesbureau met nieuwsblog over verzuim en mentaal welzijn.
psyned.nl,C4,werkgever stress blog,Online psychologenplatform met uitgebreide blog voor werkgevers/HR.
ggznieuws.nl,C4,mentaal welzijn werkvloer,Nieuwsplatform GGZ met regelmatig artikelen over werk en mentale gezondheid.
corporatewellbeing.nu,C4,corporate wellbeing blog,Nederlands platform volledig gewijd aan corporate wellbeing programma's.
hays.nl,C4,corporate wellbeing blog,Recruiter met wellbeing-content gericht op werkgevers.
champ.nl,C4,corporate wellbeing blog,Netwerkplatform voor zakelijk sporten en corporate wellbeing in NL.
arbo-online.nl,C4,duurzame inzetbaarheid vakblad,Online vakblad over arbo en duurzame inzetbaarheid (sterke autoriteit).
managementdrives.com,C4,duurzame inzetbaarheid vakblad,Vakblad Arbo-content publicerend met artikelen duurzame inzetbaarheid.
tijdschriftvoorhrm.nl,C4,duurzame inzetbaarheid vakblad,Wetenschappelijk HRM-tijdschrift met thematische dossiers inzetbaarheid.
duurzaaminzetbaarheidcentrum.nl,C4,duurzame inzetbaarheid vakblad,Themaplatform duurzame inzetbaarheid voor werkgevers.
bgmagazine.nl,C4,BG magazine vakblad,Online vakblad bedrijfsgeneeskunde met breed dossier psychisch verzuim.
devitaliteitsmanager.nl,C4,vitaliteitsmanager blog,Adviespraktijk met blog over verzuimreductie en vitaal leiderschap.
archipelacademy.com,C4,vitaliteitsmanager blog,Leerplatform met blogartikelen over vitaliteitsmanagement.
personalfitnessnederland.nl,C4,vitaliteitsmanager blog,Personal training netwerk met vitaliteitsblog gericht op werkgevers/coaches.
managementsite.nl,C4,vitaliteitsmanagement blog,Brede online management-publicatie met artikelen vitaliteit en burn-out.
hchealth.nl,C14,EAP Nederland werkgever blog,Vitaliteitsadviesbureau met EAP-content en blogartikelen voor werkgevers.
mtsprout.nl,C4,vitaliteitsmanager blog,Toonaangevend ondernemersmedium met artikelen over leiderschap en vitaliteit.
rendement.nl,C4,vitaliteitsmanager blog,Praktijkvakblad voor HR/arbo professionals met grote bereik.
lifeguard.nl,C14,Lifeguard mentaal welzijn werkgever,Vitaliteitsbureau met uitgebreide blog over mentale vitaliteit werkvloer.
vitalmindz.nl,C14,mental health benefit platform NL,Mental health app met content gericht op werkgevers en HR.
gezondeboel.nl,C14,mental health benefit platform NL,Online welzijnsplatform met B2B aanbod voor werkgevers.
arbeidspsychologenmiddennederland.nl,C16,polyvagaal blog werkgever,Arbeidspsychologen met blog over polyvagaal theorie in werkcontext.
heart4happiness.nl,C16,polyvagaal blog Nederland,Coachingpraktijk met content over zenuwstelsel en stress.
nielsvansanten.nl,C16,polyvagaal Nederland blog,Therapeut/blogger over stress en polyvagaal theorie.
hartenweg.nl,C16,polyvagaal theorie blog,Praktijkblog over polyvagaal theorie en lichaamswerk.
thuisinjelijf.net,C16,polyvagaal therapie blog,Lichaamsgerichte psychotherapiepraktijk met polyvagaal blogcontent.
psychosenet.nl,C16,polyvagaal informatie,Patiëntenplatform met betrouwbare info over polyvagaal therapie.
upledger.nl,C16,polyvagaal blog,Opleidingsinstituut craniosacraal met blog over zenuwstelsel.
gimd.nl,C16,burn-out werkgever blog,Bedrijfsmaatschappelijk werk-organisatie met HR-blog over burn-out.
leiderschapeninzetbaarheid.nl,C16,burn-out werkgever blog,Bureau leiderschap met blog gericht op verzuim en burn-out begeleiding.
greatplacetowork.nl,C4,burn-out blog werkgever,Werkgeverscertificering met inspiratieblog over werkstress en burn-out.
tempo-team.nl,C16,burn-out herstel blog werkgever,Uitzender met HR-kennisbank voor werkgevers over verzuim/burn-out.
brn-out.com,C16,burn-out verzuim kosten,Burn-out begeleidingsbureau met blog over verzuimkosten.
csrcentrum.nl,C16,burn-out bedrijfsarts blog,Specialistisch burn-outcentrum met inhoudelijke blog voor professionals.
smarthealth.works,C16,stress werkgever blog,Werkstress-platform met blog gericht op werkgevers.
arboned.nl,C16,werkstress arbodienst,Grote arbodienst met uitgebreide kennisbank over werkstress en slaap.
werktijden.nl,C16,werkstress blog,Software/HR-platform met blog over werkstress en planning.
nn.nl,C16,stress werkgever blog,Verzekeraar Nationale-Nederlanden met zakelijk blog over stress en verzuim.
arbounie.nl,C16,arbo werkstress,Arbodienst met grote kennisbank voor werknemers en werkgevers.
defysiotherapeut.com,C16,psychosomatische fysiotherapie blog,Branche-platform fysio met blog over psychosomatische fysiotherapie.
blog.conamore.com,C16,psychosomatiek samenwerking,Zorgblog met artikel over psychosomatische fysiotherapie in reguliere zorg.
sensgezondheidszorg.nl,C16,psychosomatische fysiotherapie,Zorginstelling met informatieve content over psychosomatiek.
ondernemersbelang.nl,C16,ergonomie mentaal welzijn,Ondernemersmedium met regiocontent over werknemerswelzijn en ergonomie.
ergonomiewebshop.nl,C16,ergonomisch werken,Ergonomie-webshop met blog over gezond werken.
perspectief.eu,C16,slaap werkgever blog,Adviesbureau met blog over impact van slaapproblemen op organisaties.
amersfoortse.nl,C16,slaaptips werkgever blog,Verzekeraar De Amersfoortse met werkgeversblog over slaap en mindful werken.
asr.nl,C16,slaaptips werkgever,Verzekeraar a.s.r. met zakelijk blog over slaap en werknemerswelzijn.
slaapwaarde.nl,C16,slaap nachtwerk blog,Slaapadviesplatform met content over slapen en werk.
medprevent.nl,C16,slaap arbodienst Nederland,Gecertificeerde arbodienst met blog over slaap en gezondheid.
dehora.nl,C16,nachtwerk werkgever blog,Consultancy roosters/werktijden met blog over nachtwerk en gezondheid.
arbeidsbrein.nl,C16,mindfulness werkgever,Trainingsbureau mindfulness in bedrijf met blogcontent voor werkgevers.
arboteam.nl,C16,mindful werken blog,Arbo-aanbieder met blog over mindful werken en werkstress.
mindfullife.nl,C16,mindfulness op werk,Mindfulness-aanbieder met content over mindfulness op de werkvloer.
besuitable.nl,C16,werkstress aanpakken,Werkstress-platform met praktische tips voor werkvloer.
trainingsbureauvoormindfulness.nl,C16,mindfulness werkgever,Mindfulness-trainingsbureau met werkgeverscontent.
assistverzuim.nl,C16,bedrijfsarts psychische klachten,Verzuimadviesbureau met blog over psychische klachten en verzuim.
werkpsycholoog.nl,C16,verzuim psychische klachten,Bedrijfspsychologenpraktijk met blog gericht op managers en HR.
centraalbeheer.nl,C16,psychisch verzuim experts,Verzekeraar met zakelijk blog over psychisch verzuim en expertinzichten.
verzekerverzuim.nl,C16,casemanager verzuim,Verzuimplatform met kennisbank rond casemanagement.
mensenverzuim.nl,C16,casemanagement verzuim,Mens-&-Verzuim platform met kennisbank casemanagement.
svland.nl,C16,casemanagement ziekteverzuim,Verzuimspecialist met kennisbank casemanagement effectief verzuim.
hoorayhr.io,C16,casemanager verzuim,HR-software met kennisbank rond verzuim en casemanagement.
care4careers.nl,C16,casemanager re-integratie,Re-integratiebureau met kenniscentrum over casemanagement.
stavv.nl,C16,casemanager re-integratie,Verzuimbureau met blog over re-integratie en casemanagement.
qivi.nl,C16,burn-out preventie leidinggevenden,Coachbureau met blog gericht op leidinggevenden en burn-outpreventie.
vitaalconcern.nl,C16,burn-out preventie blog,Vitaliteitsadviesbureau met blog over burn-out preventie medewerkers.
skipr.nl,C4,Skipr zorg verzuim,Toonaangevend zorgnieuwsplatform met content over verzuim in zorg.
schoonmakendnederland.nl,C4,arbodienst kennisbank vitaliteit,Brancheplatform schoonmaak met kennisbankartikelen incl. gastbijdragen vitaliteit.
oval.nl,C4,OVAL kennisbank vitaliteit,Branchevereniging arbo/inzetbaarheid met thematische kennisbank vitaliteit.
zakenwijzer.nl,C4,arbodienst vitaliteit,Bedrijvengids/blog met vitaliteits- en arbodienstcontent.
vitaalarbo.nl,C4,vitaal arbodienstverlening,Arbodienst met online kennisbank vitaliteit.
atarbo.nl,C4,vitaliteit op werkvloer,Arbodienst @arbo met preventieblog over vitaliteit.
